=== Initial Source Code ===
Source file: exercises/practice/accumulate/.meta/example.py
# [collection(x) for x in collection] would be nice but trivial


def accumulate(collection, operation):
    response = []
    for ellement in collection:
        response.append(operation(ellement))
    return response


=== Source Interface ===
def accumulate(collection, operation):
    pass


=== Target Interface ===
package accumulate

func Accumulate(list []string, transform func(string) string) []string {
	panic("Please implement the Accumulate function")
}


=== Source Test Code ===
import unittest

from accumulate import accumulate


class AccumulateTest(unittest.TestCase):
    def test_empty_sequence(self):
        self.assertEqual(accumulate([], lambda x: x / 2), [])

    def test_pow(self):
        self.assertEqual(
            accumulate([1, 2, 3, 4, 5], lambda x: x * x), [1, 4, 9, 16, 25])

    def test_divmod(self):
        self.assertEqual(
            accumulate([10, 17, 23], lambda x: divmod(x, 7)),
            [(1, 3), (2, 3), (3, 2)])

    def test_composition(self):
        inp = [10, 17, 23]
        self.assertEqual(
            accumulate(
                accumulate(inp, lambda x: divmod(x, 7)),
                lambda x: 7 * x[0] + x[1]), inp)

    def test_capitalize(self):
        self.assertEqual(
            accumulate(['hello', 'world'], str.upper), ['HELLO', 'WORLD'])

    def test_recursive(self):
        inp = ['a', 'b', 'c']
        out = [['a1', 'a2', 'a3'], ['b1', 'b2', 'b3'], ['c1', 'c2', 'c3']]
        self.assertEqual(
            accumulate(
                inp, lambda x: accumulate(list('123'), lambda y: x + y)), out)


if __name__ == '__main__':
    unittest.main()


=== Target Test Code ===
package accumulate

import (
	"fmt"
	"strings"
	"testing"
	"unicode"
)

// Title is a copy of strings.Title function of the stdlib.
// The copy is here because strings.Title is deprecated but we still
// want to use this function as the alternative would require us to support
// external dependencies which we don't yet (tracking issue https://github.com/exercism/go/issues/2379).
// Students should still be able to use strings.Title if they want.
// Since this exercise is currently deprecated, this shouldn't matter too much.
func Title(s string) string {
	// Use a closure here to remember state.
	// Hackish but effective. Depends on Map scanning in order and calling
	// the closure once per rune.
	prev := ' '
	return strings.Map(
		func(r rune) rune {
			if isSeparator(prev) {
				prev = r
				return unicode.ToTitle(r)
			}
			prev = r
			return r
		},
		s)
}

// Copy of strings.isSeparator function of the stdlib.
func isSeparator(r rune) bool {
	// ASCII alphanumerics and underscore are not separators
	if r <= 0x7F {
		switch {
		case '0' <= r && r <= '9':
			return false
		case 'a' <= r && r <= 'z':
			return false
		case 'A' <= r && r <= 'Z':
			return false
		case r == '_':
			return false
		}
		return true
	}
	// Letters and digits are not separators
	if unicode.IsLetter(r) || unicode.IsDigit(r) {
		return false
	}
	// Otherwise, all we can do for now is treat spaces as separators.
	return unicode.IsSpace(r)
}

func echo(c string) string {
	return c
}

func capitalize(word string) string {
	return Title(word)
}

var tests = []struct {
	expected    []string
	given       []string
	converter   func(string) string
	description string
}{
	{[]string{}, []string{}, echo, "echo"},
	{
		[]string{"echo", "echo", "echo", "echo"},
		[]string{"echo", "echo", "echo", "echo"},
		echo,
		"echo",
	},
	{
		[]string{"First", "Letter", "Only"},
		[]string{"first", "letter", "only"},
		capitalize,
		"capitalize",
	},
	{
		[]string{"HELLO", "WORLD"},
		[]string{"hello", "world"},
		strings.ToUpper,
		"strings.ToUpper",
	},
}

func TestAccumulate(t *testing.T) {
	for _, test := range tests {
		in := make([]string, len(test.given))
		copy(in, test.given)
		actual := Accumulate(in, test.converter)
		if fmt.Sprintf("%q", actual) != fmt.Sprintf("%q", test.expected) {
			t.Fatalf("Accumulate(%q, %q): expected %q, actual %q",
				test.given, test.description, test.expected, actual)
		}

		// check in place replacement
		for i, s := range in {
			if test.given[i] != s {
				t.Fatalf("Accumulate should return a new slice")
			}
		}
	}
}

func BenchmarkAccumulate(b *testing.B) {
	if testing.Short() {
		b.Skip("skipping benchmark in short mode.")
	}
	for i := 0; i < b.N; i++ {

		for _, test := range tests {
			Accumulate(test.given, test.converter)
		}

	}
}


=== Initial Translation ===
// exercises/practice/accumulate/.meta/example.go
package meta

// Accumulate applies the provided transform function to each element in the input slice.
// It returns a new slice containing the transformed elements.
func Accumulate(collection []string, transform func(string) string) []string {
	result := make([]string, 0, len(collection))
	for _, element := range collection {
		result = append(result, transform(element))
	}
	return result
}


=== Initial Test Results ===
Return code: 1
=== STDOUT ===

=== STDERR ===
found packages meta (accumulate.go) and accumulate (accumulate_test.go) in /private/var/folders/gy/0zbg6hg95tq8_gy1dnr3tknm0000gn/T/tmpt_h86ptc/sandbox/exercises/practice/accumulate


=== Retry Attempt 1 ===
// exercises/practice/accumulate/.meta/example.go
package meta

import (
	"strings"
	"unicode"
)

// Accumulate applies the provided transform function to each element in the input slice.
// It returns a new slice containing the transformed elements.
func Accumulate(collection []string, transform func(string) string) []string {
	result := make([]string, 0, len(collection))
	for _, element := range collection {
		result = append(result, transform(element))
	}
	return result
}

// Title is a copy of strings.Title function from the stdlib.
// Note: strings.Title is deprecated; this helper is provided for compatibility.
// It converts the first letter of each word to title case.
func Title(s string) string {
	prev := ' '
	return strings.Map(func(r rune) rune {
		if isSeparator(prev) {
			prev = r
			return unicode.ToTitle(r)
		}
		prev = r
		return r
	}, s)
}

// isSeparator determines if the rune is considered a word separator.
func isSeparator(r rune) bool {
	// ASCII alphanumerics and underscore are not separators
	if r <= 0x7F {
		switch {
		case '0' <= r && r <= '9':
			return false
		case 'a' <= r && r <= 'z':
			return false
		case 'A' <= r && r <= 'Z':
			return false
		case r == '_':
			return false
		}
		return true
	}
	// Letters and digits are not separators
	if unicode.IsLetter(r) || unicode.IsDigit(r) {
		return false
	}
	// Otherwise, treat spaces as separators
	return unicode.IsSpace(r)
}

// echo is a trivial function that returns its input string unchanged.
func echo(s string) string {
	return s
}

// capitalize transforms a word by converting its first letter to upper case using Title.
func capitalize(word string) string {
	return Title(word)
}


=== Test Results (Attempt 1) ===
Return code: 1
=== STDOUT ===

=== STDERR ===
found packages meta (accumulate.go) and accumulate (accumulate_test.go) in /private/var/folders/gy/0zbg6hg95tq8_gy1dnr3tknm0000gn/T/tmpt_h86ptc/sandbox/exercises/practice/accumulate


=== Retry Attempt 2 ===
// exercises/practice/accumulate/example.go
package accumulate

import (
	"strings"
	"unicode"
)

// Accumulate applies the provided transform function to each element in the input slice.
// It returns a new slice containing the transformed elements.
func Accumulate(collection []string, transform func(string) string) []string {
	result := make([]string, 0, len(collection))
	for _, element := range collection {
		result = append(result, transform(element))
	}
	return result
}

// Title is a helper function that converts the first letter of each word to title case.
// It is similar in behavior to the deprecated strings.Title function.
func Title(s string) string {
	prev := ' '
	return strings.Map(func(r rune) rune {
		if isSeparator(prev) {
			prev = r
			return unicode.ToTitle(r)
		}
		prev = r
		return r
	}, s)
}

// isSeparator determines if a rune is considered a separator between words.
func isSeparator(r rune) bool {
	// ASCII alphanumerics and underscore are not separators
	if r <= 0x7F {
		switch {
		case '0' <= r && r <= '9':
			return false
		case 'a' <= r && r <= 'z':
			return false
		case 'A' <= r && r <= 'Z':
			return false
		case r == '_':
			return false
		}
		return true
	}
	// Letters and digits are not separators
	if unicode.IsLetter(r) || unicode.IsDigit(r) {
		return false
	}
	// Otherwise, treat spaces as separators
	return unicode.IsSpace(r)
}

// echo is a trivial function that returns the input string unchanged.
func echo(s string) string {
	return s
}

// capitalize transforms a word by converting its first letter to upper case using Title.
func capitalize(word string) string {
	return Title(word)
}


=== Test Results (Attempt 2) ===
Return code: 2
=== STDOUT ===
FAIL	exercism/accumulate [build failed]
FAIL

=== STDERR ===
# exercism/accumulate [exercism/accumulate.test]
./accumulate_test.go:16:6: Title redeclared in this block
	./accumulate.go:21:6: other declaration of Title
./accumulate_test.go:34:6: isSeparator redeclared in this block
	./accumulate.go:34:6: other declaration of isSeparator
./accumulate_test.go:57:6: echo redeclared in this block
	./accumulate.go:58:6: other declaration of echo
./accumulate_test.go:61:6: capitalize redeclared in this block
	./accumulate.go:63:6: other declaration of capitalize


=== Retry Attempt 3 ===
// exercises/practice/accumulate/example.go
package accumulate

import (
	"strings"
	"unicode"
)

// Accumulate applies the provided transform function to each element in the input slice.
// It returns a new slice containing the transformed elements.
func Accumulate(collection []string, transform func(string) string) []string {
	result := make([]string, 0, len(collection))
	for _, element := range collection {
		result = append(result, transform(element))
	}
	return result
}

// Title converts the first letter of each word in the given string to upper case.
// It is similar in behavior to the deprecated strings.Title function.
func Title(s string) string {
	prev := ' '
	return strings.Map(func(r rune) rune {
		if isSeparator(prev) {
			prev = r
			return unicode.ToTitle(r)
		}
		prev = r
		return r
	}, s)
}

// isSeparator determines if a rune is considered a word separator.
func isSeparator(r rune) bool {
	// ASCII alphanumerics and underscore are not separators
	if r <= 0x7F {
		switch {
		case '0' <= r && r <= '9':
			return false
		case 'a' <= r && r <= 'z':
			return false
		case 'A' <= r && r <= 'Z':
			return false
		case r == '_':
			return false
		}
		return true
	}
	// Letters and digits are not separators
	if unicode.IsLetter(r) || unicode.IsDigit(r) {
		return false
	}
	// Otherwise, treat spaces as separators
	return unicode.IsSpace(r)
}

// echo is a trivial function that returns its input string unchanged.
func echo(s string) string {
	return s
}

// capitalize converts the first letter of the word to upper case using Title.
func capitalize(word string) string {
	return Title(word)
}


=== Test Results (Attempt 3) ===
Return code: 2
=== STDOUT ===
FAIL	exercism/accumulate [build failed]
FAIL

=== STDERR ===
# exercism/accumulate [exercism/accumulate.test]
./accumulate_test.go:16:6: Title redeclared in this block
	./accumulate.go:21:6: other declaration of Title
./accumulate_test.go:34:6: isSeparator redeclared in this block
	./accumulate.go:34:6: other declaration of isSeparator
./accumulate_test.go:57:6: echo redeclared in this block
	./accumulate.go:58:6: other declaration of echo
./accumulate_test.go:61:6: capitalize redeclared in this block
	./accumulate.go:63:6: other declaration of capitalize


=== Retry Attempt 4 ===
// exercises/practice/accumulate/example.go
package accumulate

import (
	"strings"
	"unicode"
)

// Accumulate applies the provided transform function to each element in the input slice.
// It returns a new slice containing the transformed elements.
func Accumulate(collection []string, transform func(string) string) []string {
	result := make([]string, 0, len(collection))
	for _, element := range collection {
		result = append(result, transform(element))
	}
	return result
}

// Title converts the first letter of each word in the given string to upper case.
// It is similar in behavior to the deprecated strings.Title function.
func Title(s string) string {
	prev := ' '
	return strings.Map(func(r rune) rune {
		if isSeparator(prev) {
			prev = r
			return unicode.ToTitle(r)
		}
		prev = r
		return r
	}, s)
}

// isSeparator determines if a rune is considered a word separator.
func isSeparator(r rune) bool {
	// ASCII alphanumerics and underscore are not separators
	if r <= 0x7F {
		switch {
		case '0' <= r && r <= '9':
			return false
		case 'a' <= r && r <= 'z':
			return false
		case 'A' <= r && r <= 'Z':
			return false
		case r == '_':
			return false
		}
		return true
	}
	// Letters and digits are not separators
	if unicode.IsLetter(r) || unicode.IsDigit(r) {
		return false
	}
	// Otherwise, treat spaces as separators
	return unicode.IsSpace(r)
}

// echo is a trivial function that returns its input string unchanged.
func echo(s string) string {
	return s
}

// capitalize converts the first letter of the input word to upper case using Title.
func capitalize(word string) string {
	return Title(word)
}


=== Test Results (Attempt 4) ===
Return code: 2
=== STDOUT ===
FAIL	exercism/accumulate [build failed]
FAIL

=== STDERR ===
# exercism/accumulate [exercism/accumulate.test]
./accumulate_test.go:16:6: Title redeclared in this block
	./accumulate.go:21:6: other declaration of Title
./accumulate_test.go:34:6: isSeparator redeclared in this block
	./accumulate.go:34:6: other declaration of isSeparator
./accumulate_test.go:57:6: echo redeclared in this block
	./accumulate.go:58:6: other declaration of echo
./accumulate_test.go:61:6: capitalize redeclared in this block
	./accumulate.go:63:6: other declaration of capitalize


=== Retry Attempt 5 ===
// exercises/practice/accumulate/example.go
package accumulate

import (
	"strings"
	"unicode"
)

// Accumulate applies the provided transform function to each element in the input slice.
// It returns a new slice containing the transformed elements.
func Accumulate(collection []string, transform func(string) string) []string {
	result := make([]string, 0, len(collection))
	for _, element := range collection {
		result = append(result, transform(element))
	}
	return result
}

// Title converts the first letter of each word in the given string to upper case.
// It is similar in behavior to the deprecated strings.Title function.
func Title(s string) string {
	prev := ' '
	return strings.Map(func(r rune) rune {
		if isSeparator(prev) {
			prev = r
			return unicode.ToTitle(r)
		}
		prev = r
		return r
	}, s)
}

// isSeparator determines if a rune is considered a word separator.
func isSeparator(r rune) bool {
	if r <= 0x7F {
		switch {
		case '0' <= r && r <= '9':
			return false
		case 'a' <= r && r <= 'z':
			return false
		case 'A' <= r && r <= 'Z':
			return false
		case r == '_':
			return false
		}
		return true
	}
	if unicode.IsLetter(r) || unicode.IsDigit(r) {
		return false
	}
	return unicode.IsSpace(r)
}

// echo is a trivial function that returns its input string unchanged.
func echo(s string) string {
	return s
}

// capitalize converts the first letter of the input word to upper case using Title.
func capitalize(word string) string {
	return Title(word)
}


=== Test Results (Attempt 5) ===
Return code: 2
=== STDOUT ===
FAIL	exercism/accumulate [build failed]
FAIL

=== STDERR ===
# exercism/accumulate [exercism/accumulate.test]
./accumulate_test.go:16:6: Title redeclared in this block
	./accumulate.go:21:6: other declaration of Title
./accumulate_test.go:34:6: isSeparator redeclared in this block
	./accumulate.go:34:6: other declaration of isSeparator
./accumulate_test.go:57:6: echo redeclared in this block
	./accumulate.go:55:6: other declaration of echo
./accumulate_test.go:61:6: capitalize redeclared in this block
	./accumulate.go:60:6: other declaration of capitalize


=== Retry Attempt 6 ===
// exercises/practice/accumulate/example.go
package accumulate

import (
	"strings"
	"unicode"
)

// Accumulate applies the provided transform function to each element in the input slice.
// It returns a new slice containing the transformed elements.
func Accumulate(collection []string, transform func(string) string) []string {
	result := make([]string, 0, len(collection))
	for _, element := range collection {
		result = append(result, transform(element))
	}
	return result
}

// Title converts the first letter of each word in the given string to upper case.
// It is similar in behavior to the deprecated strings.Title function.
func Title(s string) string {
	prev := ' '
	return strings.Map(func(r rune) rune {
		if isSeparator(prev) {
			prev = r
			return unicode.ToTitle(r)
		}
		prev = r
		return r
	}, s)
}

// isSeparator determines if a rune is considered a word separator.
func isSeparator(r rune) bool {
	if r <= 0x7F {
		switch {
		case '0' <= r && r <= '9':
			return false
		case 'a' <= r && r <= 'z':
			return false
		case 'A' <= r && r <= 'Z':
			return false
		case r == '_':
			return false
		}
		return true
	}
	if unicode.IsLetter(r) || unicode.IsDigit(r) {
		return false
	}
	return unicode.IsSpace(r)
}

// echo is a trivial function that returns its input string unchanged.
func echo(s string) string {
	return s
}

// capitalize converts the first letter of the input word to upper case using Title.
func capitalize(word string) string {
	return Title(word)
}


=== Test Results (Attempt 6) ===
Return code: 2
=== STDOUT ===
FAIL	exercism/accumulate [build failed]
FAIL

=== STDERR ===
# exercism/accumulate [exercism/accumulate.test]
./accumulate_test.go:16:6: Title redeclared in this block
	./accumulate.go:21:6: other declaration of Title
./accumulate_test.go:34:6: isSeparator redeclared in this block
	./accumulate.go:34:6: other declaration of isSeparator
./accumulate_test.go:57:6: echo redeclared in this block
	./accumulate.go:55:6: other declaration of echo
./accumulate_test.go:61:6: capitalize redeclared in this block
	./accumulate.go:60:6: other declaration of capitalize


=== Retry Attempt 7 ===
// exercises/practice/accumulate/example.go
package accumulate

import (
	"strings"
	"unicode"
)

// Accumulate applies the provided transform function to each element in the input slice.
// It returns a new slice containing the transformed elements.
func Accumulate(collection []string, transform func(string) string) []string {
	result := make([]string, 0, len(collection))
	for _, element := range collection {
		result = append(result, transform(element))
	}
	return result
}

// Title converts the first letter of each word in the given string to upper case.
// It is similar in behavior to the deprecated strings.Title function.
func Title(s string) string {
	prev := ' '
	return strings.Map(func(r rune) rune {
		if isSeparator(prev) {
			prev = r
			return unicode.ToTitle(r)
		}
		prev = r
		return r
	}, s)
}

// isSeparator determines if a rune is considered a word separator.
func isSeparator(r rune) bool {
	if r <= 0x7F {
		switch {
		case '0' <= r && r <= '9':
			return false
		case 'a' <= r && r <= 'z':
			return false
		case 'A' <= r && r <= 'Z':
			return false
		case r == '_':
			return false
		}
		return true
	}
	if unicode.IsLetter(r) || unicode.IsDigit(r) {
		return false
	}
	return unicode.IsSpace(r)
}

// echo is a trivial function that returns its input string unchanged.
func echo(s string) string {
	return s
}

// capitalize converts the first letter of the input word to upper case using Title.
func capitalize(word string) string {
	return Title(word)
}


=== Test Results (Attempt 7) ===
Return code: 2
=== STDOUT ===
FAIL	exercism/accumulate [build failed]
FAIL

=== STDERR ===
# exercism/accumulate [exercism/accumulate.test]
./accumulate_test.go:16:6: Title redeclared in this block
	./accumulate.go:21:6: other declaration of Title
./accumulate_test.go:34:6: isSeparator redeclared in this block
	./accumulate.go:34:6: other declaration of isSeparator
./accumulate_test.go:57:6: echo redeclared in this block
	./accumulate.go:55:6: other declaration of echo
./accumulate_test.go:61:6: capitalize redeclared in this block
	./accumulate.go:60:6: other declaration of capitalize


=== Retry Attempt 8 ===
// exercises/practice/accumulate/example.go
package accumulate

import (
	"strings"
	"unicode"
)

// Accumulate applies the provided transform function to each element in the input slice.
// It returns a new slice containing the transformed elements.
func Accumulate(collection []string, transform func(string) string) []string {
	result := make([]string, 0, len(collection))
	for _, element := range collection {
		result = append(result, transform(element))
	}
	return result
}

// Title converts the first letter of each word in the given string to upper case.
// It behaves similarly to the deprecated strings.Title function.
func Title(s string) string {
	prev := ' '
	return strings.Map(func(r rune) rune {
		if isSeparator(prev) {
			prev = r
			return unicode.ToTitle(r)
		}
		prev = r
		return r
	}, s)
}

// isSeparator determines if a rune is considered a word separator.
func isSeparator(r rune) bool {
	if r <= 0x7F {
		switch {
		case '0' <= r && r <= '9':
			return false
		case 'a' <= r && r <= 'z':
			return false
		case 'A' <= r && r <= 'Z':
			return false
		case r == '_':
			return false
		}
		return true
	}
	if unicode.IsLetter(r) || unicode.IsDigit(r) {
		return false
	}
	return unicode.IsSpace(r)
}

// echo is a trivial function that returns its input string unchanged.
func echo(s string) string {
	return s
}

// capitalize converts the first letter of the input word to upper case using Title.
func capitalize(word string) string {
	return Title(word)
}


=== Test Results (Attempt 8) ===
Return code: 2
=== STDOUT ===
FAIL	exercism/accumulate [build failed]
FAIL

=== STDERR ===
# exercism/accumulate [exercism/accumulate.test]
./accumulate_test.go:16:6: Title redeclared in this block
	./accumulate.go:21:6: other declaration of Title
./accumulate_test.go:34:6: isSeparator redeclared in this block
	./accumulate.go:34:6: other declaration of isSeparator
./accumulate_test.go:57:6: echo redeclared in this block
	./accumulate.go:55:6: other declaration of echo
./accumulate_test.go:61:6: capitalize redeclared in this block
	./accumulate.go:60:6: other declaration of capitalize


=== Retry Attempt 9 ===
// exercises/practice/accumulate/example.go
package accumulate

import (
	"strings"
	"unicode"
)

// Accumulate applies the provided transform function to each element in the input slice.
// It returns a new slice containing the transformed elements.
func Accumulate(collection []string, transform func(string) string) []string {
	result := make([]string, 0, len(collection))
	for _, element := range collection {
		result = append(result, transform(element))
	}
	return result
}

// Title converts the first letter of each word in the given string to upper case.
// It behaves similarly to the deprecated strings.Title function.
func Title(s string) string {
	prev := ' '
	return strings.Map(func(r rune) rune {
		if isSeparator(prev) {
			prev = r
			return unicode.ToTitle(r)
		}
		prev = r
		return r
	}, s)
}

// isSeparator determines if a rune is considered a word separator.
func isSeparator(r rune) bool {
	if r <= 0x7F {
		switch {
		case '0' <= r && r <= '9':
			return false
		case 'a' <= r && r <= 'z':
			return false
		case 'A' <= r && r <= 'Z':
			return false
		case r == '_':
			return false
		}
		return true
	}
	if unicode.IsLetter(r) || unicode.IsDigit(r) {
		return false
	}
	return unicode.IsSpace(r)
}

// echo is a trivial function that returns its input string unchanged.
func echo(s string) string {
	return s
}

// capitalize converts the first letter of the input word to upper case using Title.
func capitalize(word string) string {
	return Title(word)
}


=== Test Results (Attempt 9) ===
Return code: 2
=== STDOUT ===
FAIL	exercism/accumulate [build failed]
FAIL

=== STDERR ===
# exercism/accumulate [exercism/accumulate.test]
./accumulate_test.go:16:6: Title redeclared in this block
	./accumulate.go:21:6: other declaration of Title
./accumulate_test.go:34:6: isSeparator redeclared in this block
	./accumulate.go:34:6: other declaration of isSeparator
./accumulate_test.go:57:6: echo redeclared in this block
	./accumulate.go:55:6: other declaration of echo
./accumulate_test.go:61:6: capitalize redeclared in this block
	./accumulate.go:60:6: other declaration of capitalize


=== Retry Attempt 10 ===
// exercises/practice/accumulate/example.go
package accumulate

import (
	"strings"
	"unicode"
)

// Accumulate applies the provided transform function to each element in the input slice.
// It returns a new slice containing the transformed elements.
func Accumulate(collection []string, transform func(string) string) []string {
	result := make([]string, 0, len(collection))
	for _, element := range collection {
		result = append(result, transform(element))
	}
	return result
}

// Title converts the first letter of each word in the given string to upper case.
// It behaves similarly to the deprecated strings.Title function.
func Title(s string) string {
	prev := ' '
	return strings.Map(func(r rune) rune {
		if isSeparator(prev) {
			prev = r
			return unicode.ToTitle(r)
		}
		prev = r
		return r
	}, s)
}

// isSeparator determines if a rune is considered a word separator.
func isSeparator(r rune) bool {
	if r <= 0x7F {
		switch {
		case '0' <= r && r <= '9':
			return false
		case 'a' <= r && r <= 'z':
			return false
		case 'A' <= r && r <= 'Z':
			return false
		case r == '_':
			return false
		}
		return true
	}
	if unicode.IsLetter(r) || unicode.IsDigit(r) {
		return false
	}
	return unicode.IsSpace(r)
}

// echo is a trivial function that returns its input string unchanged.
func echo(s string) string {
	return s
}

// capitalize converts the first letter of the input word to upper case using Title.
func capitalize(word string) string {
	return Title(word)
}


=== Test Results (Attempt 10) ===
Return code: 2
=== STDOUT ===
FAIL	exercism/accumulate [build failed]
FAIL

=== STDERR ===
# exercism/accumulate [exercism/accumulate.test]
./accumulate_test.go:16:6: Title redeclared in this block
	./accumulate.go:21:6: other declaration of Title
./accumulate_test.go:34:6: isSeparator redeclared in this block
	./accumulate.go:34:6: other declaration of isSeparator
./accumulate_test.go:57:6: echo redeclared in this block
	./accumulate.go:55:6: other declaration of echo
./accumulate_test.go:61:6: capitalize redeclared in this block
	./accumulate.go:60:6: other declaration of capitalize


=== FINAL STATUS: FAILED ===